song_title,artist,rank_s,rank_t,rank_b,tempo
STAY (with Justin Bieber),"The Kid LAROI, Justin Bieber",1,,,169.928
Enemy (with JID) - from the series Arcane League of Legends,"Imagine Dragons, JID, Arcane, League of Legends",3,,,77.011
Cold Heart - PNAU Remix,"Elton John, Dua Lipa, PNAU",4,,,116.032
INDUSTRY BABY (feat. Jack Harlow),"Lil Nas X, Jack Harlow",2,,,150.087
Desesperados,"Rauw Alejandro, Chencho Corleone",8,,,90.02
Easy On Me,Adele,1,,,141.981
Una Noche en Medellín,Cris Mj,16,,,96.018
Where Are You Now,"Lost Frequencies, Calum Scott",18,,,120.966
Infinity,Jaymes Young,11,,,121.963
Pepas,Farruko,4,,,130.001
The Motto,"Tiësto, Ava Max",23,,,117.953
My Universe,"Coldplay, BTS",3,,,105.006
I Love You So,The Walters,21,,,75.977
Lo Siento BB:/ (with Bad Bunny & Julieta Venegas),"Tainy, Bad Bunny, Julieta Venegas",12,,,169.888
Sweetest Pie,"Megan Thee Stallion, Dua Lipa",17,,,123.977
Something In The Way,Nirvana,19,,,104.506
Do It To It,"ACRAZE, Cherish",9,,,124.927
Yonaguni,Bad Bunny,3,,,179.951
We Don't Talk About Bruno,"Carolina Gaitán - La Gaita, Mauro Castillo, Adassa, Rhenzy Feliz, Diane Guerrero, Stephanie Beatriz, Encanto - Cast",8,,,205.863
Kiss Me More (feat. SZA),"Doja Cat, SZA",3,,,110.97
MANIAC,Stray Kids,39,,,89.925
Levitating (feat. DaBaby),"Dua Lipa, DaBaby",4,,,102.977
traitor,Olivia Rodrigo,7,,,100.607
Save Your Tears (Remix) (with Ariana Grande) - Bonus Track,"The Weeknd, Ariana Grande",5,,,118.091
CANDY,ROSALÍA,44,,,179.905
Starlight,Dave,45,,,124.026
Softcore,The Neighbourhood,35,,,93.986
DANÇARINA,"PEDRO SAMPAIO, Mc Pedrinho",32,,,134.999
Without Me,Eminem,31,,,112.238
Medallo,"Blessd, Justin Quiles, Lenny Tavárez",48,,,90.02
Butter,BTS,2,,,109.997
Mount Everest,Labrinth,36,,,87.724
Jordan,Ryan Castro,53,,,179.923
Save Your Tears,The Weeknd,2,,,118.051
LA FAMA (with The Weeknd),"ROSALÍA, The Weeknd",32,,,136.016
505,Arctic Monkeys,57,,,140.267
"Cayó La Noche (feat. Cruz Cafuné, Abhir Hathi, Bejo, EL IMA) [Remix]","La Pantera, Quevedo, Juseph, Abhir Hathi, Bejo, Cruz Cafuné, EL IMA",58,,,173.974
DÁKITI,"Bad Bunny, Jhay Cortez",1,,,109.928
Tacones Rojos,Sebastian Yatra,45,,,123.014
Cool for the Summer,Demi Lovato,61,,,114.06
Mon Amour - Remix,"zzoilo, Aitana",34,,,116.041
Bones,Imagine Dragons,63,,,114.071
Yo Voy (feat. Daddy Yankee),Zion & Lennox,63,,,95.06
ARASAN DA,UZI,65,,,105.978
Happier Than Ever,Billie Eilish,6,,,81.055
she's all i wanna be,Tate McRae,38,,,160.036
pushin P (feat. Young Thug),"Gunna, Future, Young Thug",14,,,77.502
Toxic,BoyWithUke,23,,,179.629
maybe (feat. Bring Me The Horizon),"Machine Gun Kelly, Bring Me The Horizon",72,,,176.105
Watermelon Sugar,Harry Styles,4,,,95.39
IDGAF (with blackbear),"BoyWithUke, blackbear",74,,,97.953
Chale,Eden Muñoz,75,,,188.651
Sometimes,Juice WRLD,77,,,121.987
Hati-Hati di Jalan,Tulus,45,,,71.969
The Real Slim Shady,Eminem,51,,,104.504
A Tu Merced,Bad Bunny,52,,,92.023
SAOKO,ROSALÍA,80,,,99.988
Volví,"Aventura, Bad Bunny",10,,,175.896
One Right Now (with The Weeknd),"Post Malone, The Weeknd",9,,,97.014
deja vu,Olivia Rodrigo,3,,,180.917
Peaches (feat. Daniel Caesar & Giveon),"Justin Bieber, Daniel Caesar, Giveon",1,,,90.03
Tom's Diner,"AnnenMayKantereit, Giant Rooks",90,,,98.222
Believer,Imagine Dragons,16,,,124.949
Fingers Crossed,Lauren Spencer Smith,17,,,109.414
Sunflower - Spider-Man: Into the Spider-Verse,"Post Malone, Swae Lee",1,,,89.96
Notion,The Rare Occasions,67,,,159.488
Dark Red,Steve Lacy,66,,,172.041
Moth To A Flame (with The Weeknd),"Swedish House Mafia, The Weeknd",7,,,120.122
TO THE MOON,"Jnr Choi, Sam Tompkins",55,,,144.047
Pantysito,"Alejo, Feid, ROBI",99,,,97.993
Dynamite,BTS,2,,,114.044
Still D.R.E.,"Dr. Dre, Snoop Dogg",29,,,93.431
"Lose Yourself - From ""8 Mile"" Soundtrack",Eminem,44,,,171.355
lovely (with Khalid),"Billie Eilish, Khalid",24,,,115.284
All For Us,"Labrinth, Zendaya",43,,,141.722
I’m Tired (with Zendaya) - Bonus Track,"Labrinth, Zendaya",29,,,131.721
Plan A,Paulo Londra,106,,,173.935
Someone You Loved,Lewis Capaldi,4,,,109.891
You Right,"Doja Cat, The Weeknd",15,,,128.986
"Tiago PZK: Bzrp Music Sessions, Vol. 48","Bizarrap, Tiago PZK",37,,,96.474
Yellow,Coldplay,101,,,173.372
La Santa,"Bad Bunny, Daddy Yankee",14,,,93.037
Nail Tech,Jack Harlow,36,,,150.127
Malvadão 3,"Xamã, Gustah, Neo Beats",33,,,133.133
No Role Modelz,J. Cole,113,,,100.028
Revenge,XXXTENTACION,63,,,139.999
Formula,Labrinth,68,,,144.654
DARARI,TREASURE,102,,,84.955
Knife Talk (with 21 Savage ft. Project Pat),"Drake, 21 Savage, Project Pat",10,,,145.887
Mujeriego,Ryan Castro,92,,,79.949
Fuera del mercado,Danny Ocean,122,,,92.06
sentaDONA (Remix) s2,"Davi Kneip, Mc Frog, Dj Gabriel do Borel, Luísa Sonza",123,,,135.02
Ya No Somos Ni Seremos,Christian Nodal,37,,,139.953
Volando - Remix,"Mora, Bad Bunny, Sech",19,,,153.979
Counting Stars,OneRepublic,117,,,122.016
Demasiadas Mujeres,C. Tangana,127,,,126.043
Smells Like Teen Spirit,Nirvana,109,,,116.731
Unstoppable,Sia,112,,,173.799
Blank Space,Taylor Swift,130,,,95.997
Down Under (feat. Colin Hay),"Luude, Colin Hay",72,,,171.835
Daddy Issues,The Neighbourhood,99,,,85.012
Locked out of Heaven,Bruno Mars,111,,,143.986
'Till I Collapse,"Eminem, Nate Dogg",81,,,171.447
Sacrifice,The Weeknd,3,,,122.0
Payphone,"Maroon 5, Wiz Khalifa",136,,,110.015
LA CANCIÓN,"J Balvin, Bad Bunny",17,,,176.089
Thinking with My Dick (feat. Juicy J),"Kevin Gates, Juicy J",128,,,81.003
Shape of You,Ed Sheeran,1,,,95.977
The Nights,Avicii,44,,,125.983
Gangsta's Paradise,"Coolio, L.V.",116,,,79.975
"Surface Pressure - From ""Encanto""/Soundtrack Version",Jessica Darrow,23,,,180.042
Riptide,Vance Joy,122,,,101.654
Better Days (NEIKED x Mae Muller x Polo G),"NEIKED, Mae Muller, Polo G",32,,,110.054
Bohemian Rhapsody - Remastered 2011,Queen,11,,,71.105
No Lie,"Sean Paul, Dua Lipa",80,,,102.04
Malvada,Zé Felipe,58,,,134.947
Don't Be Shy,"Tiësto, KAROL G",38,,,119.986
Perfect,Ed Sheeran,4,,,95.05
CHICKEN TERIYAKI,ROSALÍA,152,,,97.936
One Dance,"Drake, WizKid, Kyla",12,,,103.967
Nostálgico,"Rvssian, Rauw Alejandro, Chris Brown",40,,,98.026
Mr. Brightside,The Killers,98,,,148.033
Nobody Like U,"4*TOWN (From Disney and Pixar’s Turning Red), Jordan Fisher, Finneas O'Connell, Topher Ngo, Grayson Villanueva, Josh Levi",157,,,105.026
All Too Well (10 Minute Version) (Taylor's Version) (From The Vault),Taylor Swift,1,,,93.023
Circles,Post Malone,1,,,120.042
La Zona,Bad Bunny,60,,,93.992
Take Me To Church,Hozier,108,,,128.945
Heather,Conan Gray,12,,,102.078
In Da Club,50 Cent,77,,,90.051
Mal Feito - Ao Vivo,"Hugo & Guilherme, Marília Mendonça",72,,,123.942
Just a Cloud Away,Pharrell Williams,165,,,112.56
this is what falling in love feels like,JVKE,142,,,128.983
Dance Monkey,Tones And I,1,,,98.029
happier,Olivia Rodrigo,12,,,168.924
Hope,XXXTENTACION,42,,,146.04
Se Le Ve,"Dímelo Flow, Dalex, Sech, Justin Quiles, Arcangel, De La Ghetto, Lenny Tavárez",110,,,83.997
Meet Me At Our Spot,"THE ANXIETY, WILLOW, Tyler Cole",24,,,94.995
Wake Me Up,Avicii,13,,,124.08
"Residente: Bzrp Music Sessions, Vol. 49","Bizarrap, Residente",18,,,71.378
love nwantiti (feat. Dj Yo! & AX'EL) - Remix,"CKay, Dj Yo!, AX'EL",14,,,119.9
Freaky Deaky,"Tyga, Doja Cat",83,,,104.019
Excuses,"AP Dhillon, Gurinder Gill, Intense",56,,,94.984
Why'd You Only Call Me When You're High?,Arctic Monkeys,104,,,92.004
Lucid Dreams,Juice WRLD,3,,,83.903
Lost in the Fire (feat. The Weeknd),"Gesaffelstein, The Weeknd",12,,,100.966
BIZCOCHITO,ROSALÍA,180,,,116.972
Godzilla (feat. Juice WRLD),"Eminem, Juice WRLD",4,,,165.995
Can't Hold Us (feat. Ray Dalton),"Macklemore & Ryan Lewis, Macklemore, Ryan Lewis, Ray Dalton",149,,,146.097
Monëy so big,Yeat,184,,,138.016
HENTAI,ROSALÍA,186,,,124.279
Leave The Door Open,"Bruno Mars, Anderson .Paak, Silk Sonic",5,,,148.088
TOMBOY,(G)I-DLE,189,,,124.032
Something Just Like This,"The Chainsmokers, Coldplay",2,,,103.019
Thunder,"Gabry Ponte, LUM!X, Prezioso",110,,,101.216
Do I Wanna Know?,Arctic Monkeys,117,,,85.03
ABALO EMOCIONAL - Ao Vivo,Luan Santana,194,,,185.936
Señorita,"Shawn Mendes, Camila Cabello",1,,,116.967
Stan,"Eminem, Dido",138,,,80.063
Before You Go,Lewis Capaldi,19,,,111.881
Space Song,Beach House,174,,,147.067
Say You Won't Let Go,James Arthur,7,,,85.043
Streets,Doja Cat,9,,,90.035
"Quevedo: Bzrp Music Sessions, Vol. 52","Bizarrap, Quevedo",1,,,128.033
Me Porto Bonito,"Bad Bunny, Chencho Corleone",2,,,92.005
DESPECHÁ,ROSALÍA,6,,,130.037
Ojitos Lindos,"Bad Bunny, Bomba Estéreo",3,,,79.928
La Bachata,Manuel Turizo,13,,,124.98
PROVENZA,KAROL G,6,,,111.005
Bad Decisions (with BTS & Snoop Dogg),"benny blanco, BTS, Snoop Dogg",15,,,120.048
Left and Right (Feat. Jung Kook of BTS),"Charlie Puth, Jung Kook, BTS",7,,,101.058
Doja,Central Cee,15,,,140.04
STAYING ALIVE (feat. Drake & Lil Baby),"DJ Khaled, Drake, Lil Baby",21,,,129.953
Tarot,"Bad Bunny, Jhay Cortez",9,,,114.011
Te Felicito,"Shakira, Rauw Alejandro",13,,,174.14
Party,"Bad Bunny, Rauw Alejandro",6,,,97.013
I Like You (A Happier Song) (with Doja Cat),"Post Malone, Doja Cat",10,,,100.964
Jimmy Cooks (feat. 21 Savage),"Drake, 21 Savage",7,,,165.921
Under The Influence,Chris Brown,32,,,116.992
Sunroof,"Nicky Youre, dazy",28,,,131.443
Ferrari,"James Hype, Miggy Dela Rosa",36,,,125.004
La Corriente,"Bad Bunny, Tony Dize",17,,,196.12
One Kiss (with Dua Lipa),"Calvin Harris, Dua Lipa",2,,,123.994
Vegas (From the Original Motion Picture Soundtrack ELVIS),Doja Cat,26,,,159.969
Die For You,The Weeknd,41,,,133.629
"Kesariya (From ""Brahmastra"")","Pritam, Arijit Singh, Amitabh Bhattacharya",33,,,94.009
cómo dormiste?,Rels B,53,,,126.426
"Villano Antillano: Bzrp Music Sessions, Vol. 51","Bizarrap, Villano Antillano",45,,,127.999
La Llevo Al Cielo (Ft. Ñengo Flow),"Chris Jedi, Anuel AA, Chencho Corleone, Ñengo Flow",53,,,170.023
ALIEN SUPERSTAR,Beyoncé,24,,,121.892
WAIT FOR U (feat. Drake & Tems),"Future, Drake, Tems",10,,,83.389
Un Ratito,Bad Bunny,10,,,93.05
GIVENCHY,Duki,25,,,102.974
Neverita,Bad Bunny,15,,,122.016
Call Out My Name,The Weeknd,1,,,134.17
august,Taylor Swift,11,,,89.937
Normal,Feid,57,,,170.079
CUFF IT,Beyoncé,30,,,115.042
I Was Never There,"The Weeknd, Gesaffelstein",17,,,113.26
ULTRA SOLO REMIX,"Polimá Westcoast, Pailita, Feid, Paloma Mami, De La Ghetto",44,,,109.97
Ojos Marrones,Lasso,72,,,120.014
Master Of Puppets,Metallica,20,,,105.173
Starboy,"The Weeknd, Daft Punk",1,,,186.003
Andrea,"Bad Bunny, Buscabulla",21,,,103.071
Un Coco,Bad Bunny,25,,,151.991
Si Te La Encuentras Por Ahí,Feid,86,,,171.945
Belly Dancer,"Imanbek, BYOR",77,,,121.985
Last Last,Burna Boy,93,,,87.925
Dos Mil 16,Bad Bunny,19,,,130.058
"Stay With Me (with Justin Timberlake, Halsey & Pharrell)","Calvin Harris, Justin Timberlake, Halsey, Pharrell Williams",86,,,125.975
I Wanna Be Yours,Arctic Monkeys,103,,,67.528
Everybody Wants To Rule The World,Tears For Fears,105,,,112.067
Don’t Blame Me,Taylor Swift,72,,,135.917
Only Love Can Hurt Like This,Paloma Faith,93,,,90.99
Every Breath You Take,The Police,109,,,117.401
In The Stars,Benson Boone,54,,,78.007
After Dark,Mr.Kitty,112,,,140.019
Yo No Soy Celoso,Bad Bunny,11,,,142.004
Night Changes,One Direction,111,,,120.001
The Hills,The Weeknd,52,,,113.003
TV,Billie Eilish,27,,,140.214
Me Fui de Vacaciones,Bad Bunny,14,,,85.046
LA INOCENTE,"Mora, Feid",121,,,91.911
Summertime Sadness,Lana Del Rey,122,,,111.945
Atlantis,Seafret,126,,,166.159
Numb,"Marshmello, Khalid",114,,,119.966
ULTRA SOLO,"Polimá Westcoast, Pailita",42,,,109.982
Calm Down,Rema,130,,,107.003
Massive,Drake,18,,,124.994
Aguacero,Bad Bunny,22,,,121.391
POP!,NAYEON,68,,,97.001
Apocalypse,Cigarettes After Sex,135,,,94.473
Otro Atardecer,"Bad Bunny, The Marías",24,,,108.02
El Rescate,"Grupo Marca Registrada, Junior H",129,,,99.238
Sweet Child O' Mine,Guns N' Roses,101,,,125.116
Callaita,"Bad Bunny, Tainy",7,,,176.086
Potion (with Dua Lipa & Young Thug),"Calvin Harris, Dua Lipa, Young Thug",26,,,99.987
Crazy What Love Can Do,"David Guetta, Becky Hill, Ella Henderson",127,,,122.872
THE SHADE,Rex Orange County,161,,,119.869
Cooped Up (with Roddy Ricch),"Post Malone, Roddy Ricch",18,,,93.923
Stargirl Interlude,"The Weeknd, Lana Del Rey",168,,,89.965
ENERGY (feat. Beam),"Beyoncé, BEAM",34,,,114.991
Matilda,Harry Styles,5,,,114.199
Music For a Sushi Restaurant,Harry Styles,6,,,107.041
Nerdesin,Ezhel,164,,,100.004
Never Sleep (with Lil Baby feat. Travis Scott),"NAV, Lil Baby, Travis Scott",101,,,139.957
Pipoco,"Ana Castela, Melody, Dj Chris No Beat",100,,,134.991
X ÚLTIMA VEZ,"Daddy Yankee, Bad Bunny",18,,,90.04
There's Nothing Holdin' Me Back,Shawn Mendes,5,,,121.998
Angel Baby,Troye Sivan,59,,,72.498
SUMMER RENAISSANCE,Beyoncé,46,,,120.004
Come Back Home,Sofia Carson,193,,,144.946
Yet To Come,BTS,7,,,172.029
Demons,Imagine Dragons,194,,,89.938
Pasoori,"Shae Gill, Ali Sethi",109,,,91.991
Heartless,Kanye West,198,,,87.999
I'M THAT GIRL,Beyoncé,33,,,105.865
CHURCH GIRL,Beyoncé,39,,,92.028
COZY,Beyoncé,50,,,149.147
VIRGO'S GROOVE,Beyoncé,77,,,107.988
PLASTIC OFF THE SOFA,Beyoncé,85,,,97.057
HEATED,Beyoncé,93,,,110.952
MOVE (feat. Grace Jones & Tems),"Beyoncé, Grace Jones, Tems",96,,,118.028
THIQUE,Beyoncé,102,,,128.955
PURE/HONEY,Beyoncé,114,,,123.973
ALL UP IN YOUR MIND,Beyoncé,148,,,135.869
AMERICA HAS A PROBLEM,Beyoncé,152,,,126.035
CACHORRINHAS,Luísa Sonza,109,,,98.119
The 30th,Billie Eilish,64,,,82.987
Ai Preto,"L7NNON, DJ Biel do Furduncinho, Bianca",140,,,129.947
Hold My Hand,Lady Gaga,110,,,148.009
Out of Time,The Weeknd,10,,,93.057
Eazy,"The Game, Kanye West",35,,,82.393
Is There Someone Else?,The Weeknd,11,,,134.951
Entre Nosotros (Remix) [con Nicki Nicole],"Tiago PZK, LIT killah, Maria Becerra, Nicki Nicole",53,,,170.106
It'll Be Okay,Shawn Mendes,55,,,78.262
Save Your Tears (with Ariana Grande) (Remix),"The Weeknd, Ariana Grande",5,,,118.091
Gasoline,The Weeknd,13,,,123.006
How Do I Make You Love Me?,The Weeknd,14,,,121.006
Less Than Zero,The Weeknd,23,,,142.981
Smokin Out The Window,"Bruno Mars, Anderson .Paak, Silk Sonic",8,,,82.03
P power (feat. Drake),"Gunna, Drake",81,,,119.251
The Family Madrigal,"Stephanie Beatriz, Olga Merediz, Encanto - Cast",87,,,141.391
Take My Breath,The Weeknd,22,,,121.02
Vai Lá Em Casa Hoje,"George Henrique & Rodrigo, Marília Mendonça",66,,,157.628
What Else Can I Do?,"Diane Guerrero, Stephanie Beatriz",101,,,119.974
Dos Oruguitas,Sebastian Yatra,104,,,93.788
Bloqueado - Ao Vivo,Gusttavo Lima,106,,,129.092
Salimo de Noche,"Tiago PZK, Trueno",72,,,83.803
Acapulco,Jason Derulo,90,,,122.062
Love Grows (Where My Rosemary Goes),Edison Lighthouse,112,,,108.625
L’enfer,Stromae,113,,,177.595
Best Friends,The Weeknd,26,,,90.0
Esqueça-Me Se For Capaz,"Marília Mendonça, Maiara & Maraisa",67,,,122.013
"Here We Go… Again (feat. Tyler, the Creator)","The Weeknd, Tyler, The Creator",25,,,134.943
Every Summertime,NIKI,124,,,78.996
Rolling in the Deep,Adele,36,,,104.948
Sobrio,Maluma,41,,,177.998
Pandora,"DJ Matt D, Menor MC, MC GP, Vulgo FK",129,,,124.553
Peru,"Fireboy DML, Ed Sheeran",89,,,108.015
Sky,Playboi Carti,113,,,139.98
ELEVEN,IVE,103,,,119.978
Way 2 Sexy (with Future & Young Thug),"Drake, Future, Young Thug",5,,,136.008
DANCE CRIP,Trueno,79,,,106.024
Ley Seca,"Jhay Cortez, Anuel AA",44,,,105.059
I WANNA BE YOUR SLAVE,Måneskin,8,,,132.507
Toma Toma Vapo Vapo,"Zé Felipe, Mc Danny",75,,,164.055
Praise God,Kanye West,16,,,118.029
Cúrame,Rauw Alejandro,35,,,102.101
Friday (feat. Mufasa & Hypeman) - Dopamine Re-Edit,"Riton, Nightcrawlers, Mufasa & Hypeman, Dopamine",15,,,122.98
2055,Sleepy Hallow,31,,,80.511
you broke me first,Tate McRae,13,,,124.148
favorite crime,Olivia Rodrigo,11,,,172.929
Shallow,"Lady Gaga, Bradley Cooper",3,,,95.799
AM Remix,"Nio Garcia, J Balvin, Bad Bunny",14,,,172.031
All of Me,John Legend,110,,,119.93
The Feels,TWICE,57,,,120.044
OUT OUT (feat. Charli XCX & Saweetie),"Joel Corry, Jax Jones, Charli XCX, Saweetie",42,,,123.97
Enemy - From the series Arcane League of Legends,"Imagine Dragons, Arcane, League of Legends",171,,,77.029
Bored,Billie Eilish,51,,,119.959
Qué Más Pues?,"J Balvin, Maria Becerra",9,,,102.014
Arcade,Duncan Laurence,23,,,72.017
Heartbreak Anniversary,Giveon,8,,,89.087
When I’m Gone (with Katy Perry),"Alesso, Katy Perry",135,,,125.034
family ties (with Kendrick Lamar),"Baby Keem, Kendrick Lamar",30,,,134.093
Happier Than Ever - Edit,Billie Eilish,70,,,161.74
Memories,Maroon 5,2,,,91.05
Ella - Remix,"Boza, Lunay, Lenny Tavárez, Juhn, Beéle",188,,,180.062
Enchanted,Taylor Swift,61,,,81.975
WA DA DA,Kep1er,191,,,126.004
Miénteme,"TINI, Maria Becerra",41,,,92.003
Parada Louca,"Mari Fernandez, Marcynho Sensação",107,,,166.034
Fair Trade (with Travis Scott),"Drake, Travis Scott",3,,,167.937
Leave Before You Love Me (with Jonas Brothers),"Marshmello, Jonas Brothers",52,,,119.976
goosebumps,Travis Scott,13,,,130.049
Sigue,"J Balvin, Ed Sheeran",45,,,87.99
RUMBATÓN,Daddy Yankee,58,,,95.004
chaotic,Tate McRae,83,,,81.493
make up sex (feat. blackbear),"Machine Gun Kelly, blackbear",91,,,131.986
Soy El Unico,Yahritza Y Su Esencia,97,,,84.396
Feel My Rhythm,Red Velvet,114,,,157.964
Just A Cloud Away,Pharrell Williams,115,,,112.555
Everlong,Foo Fighters,164,,,158.066
REMIX,Daddy Yankee,166,,,100.062
emo girl (feat. WILLOW),"Machine Gun Kelly, WILLOW",111,,,165.012
"jealousy, jealousy",Olivia Rodrigo,17,,,163.929
PARA SIEMPRE,"Daddy Yankee, Sech",193,,,90.015
Just the Way You Are,Bruno Mars,133,,,109.021
Love Yourself,Justin Bieber,62,,,100.418
Daylight,Harry Styles,10,,,145.5
Little Freak,Harry Styles,8,,,141.96
True Love,"Kanye West, XXXTENTACION",24,,,84.042
Grapejuice,Harry Styles,11,,,182.928
Satellite,Harry Styles,14,,,138.984
N95,Kendrick Lamar,3,,,139.956
Love Of My Life,Harry Styles,15,,,118.057
Cinema,Harry Styles,13,,,105.993
Daydreaming,Harry Styles,16,,,113.971
Keep Driving,Harry Styles,19,,,164.948
Die Hard,"Kendrick Lamar, Blxst, Amanda Reifer",8,,,100.988
Boyfriends,Harry Styles,22,,,118.029
ACORDA PEDRINHO,Jovem Dionisio,77,,,124.016
Un Verano Sin Ti,Bad Bunny,20,,,187.844
Enséñame a Bailar,Bad Bunny,27,,,105.009
Die Young (feat. 347aidan),"Sleepy Hallow, 347aidan",97,,,77.471
El Apagón,Bad Bunny,28,,,117.765
SUPERMODEL,Måneskin,89,,,120.983
Agosto,Bad Bunny,30,,,115.018
Where Did You Go? (feat. MNEK),"Jax Jones, MNEK",116,,,127.034
Iris,The Goo Goo Dolls,124,,,155.925
That That (prod. & feat. SUGA of BTS),"PSY, SUGA",21,,,129.969
Rich Spirit,Kendrick Lamar,17,,,95.977
Dua Lipa,Jack Harlow,37,,,158.022
PUFFIN ON ZOOTIEZ,Future,40,,,124.992
En El Radio Un Cochinero,Victor Cibrian,148,,,154.028
TUS LÁGRIMAS,"Mora, Sech",93,,,173.963
París,"Morat, Duki",130,,,138.014
Adore You,Harry Styles,6,,,99.048
FEARLESS,LE SSERAFIM,149,,,103.971
10 Things I Hate About You,Leah Kate,117,,,153.967
LOVE DIVE,IVE,51,,,117.941
Balanço da Rede,"Matheus Fernandes, Xand Avião",171,,,140.072
San Lucas,Kevin Kaarl,149,,,91.511
Silent Hill,"Kendrick Lamar, Kodak Black",21,,,140.07
United In Grief,Kendrick Lamar,11,,,85.63
Beautiful Girl,Luciano,59,,,139.901
ZOOM,Jessi,89,,,100.012
When You're Gone,Shawn Mendes,21,,,147.148
Run BTS,BTS,11,,,77.004
For Youth,BTS,30,,,116.855
Born Singer,BTS,43,,,157.937
Cash In Cash Out,"Pharrell Williams, 21 Savage, Tyler, The Creator",53,,,119.971
Pass The Dutchie,Musical Youth,85,,,149.724
So Good,Halsey,95,,,164.998
Nos Comemos (feat. Ozuna),"Tiago PZK, Ozuna",140,,,92.017
Me and Your Mama,Childish Gambino,158,,,117.996
Antes de Perderte,Duki,173,,,110.031
295,Sidhu Moose Wala,141,,,91.366
Boy With Luv (feat. Halsey),"BTS, Halsey",3,,,119.947
SLOW DANCING IN THE DARK,Joji,75,,,88.964
In My Head,Lil Tjay,30,,,143.049
Me Arrepentí,"Ak4:20, Pailita, Cris Mj",80,,,92.031
Si Quieren Frontear,"Duki, De La Ghetto, Quevedo",113,,,81.536
Falling,Harry Styles,29,,,110.011
up at night (feat. justin bieber),"Kehlani, Justin Bieber",131,,,100.012
Golden,Harry Styles,44,,,139.863
Fim de Semana no Rio,Teto,139,,,118.868
Still Life,BIGBANG,148,,,118.06
When I Was Your Man,Bruno Mars,181,,,145.494
Sign of the Times,Harry Styles,14,,,119.972
The Night We Met,Lord Huron,55,,,87.01
See You Again (feat. Kali Uchis),"Tyler, The Creator, Kali Uchis",144,,,78.558
212,"Chefin, Mainstreet",89,,,154.037
Watercolor Eyes - From “Euphoria” An HBO Original Series,Lana Del Rey,90,,,120.443
Hrs & Hrs,Muni Long,119,,,139.885
All For Us - from the HBO Original Series Euphoria,"Labrinth, Zendaya",108,,,70.956
Swim,Chase Atlantic,134,,,120.134
Waiting On A Miracle,Stephanie Beatriz,155,,,190.066
Problemón,"Alvaro Diaz, Rauw Alejandro",158,,,91.906
Christmas Tree,V,100,,,139.009
Jocelyn Flores,XXXTENTACION,7,,,134.021
Chance,Paulo Londra,56,,,137.915
psychofreak (feat. WILLOW),"Camila Cabello, WILLOW",71,,,179.989
Vampiro,"Matuê, WIU, Teto",82,,,114.994
Right On,Lil Baby,103,,,165.991
That's Hilarious,Charlie Puth,112,,,108.039
No Ouvidinho,Felipe Amorim,154,,,124.018
Get Lucky (feat. Pharrell Williams & Nile Rodgers) - Radio Edit,"Daft Punk, Pharrell Williams, Nile Rodgers",167,,,116.047
"Paulo Londra: Bzrp Music Sessions, Vol. 23","Bizarrap, Paulo Londra",19,,,95.927
With you,"Jimin, HA SUNG WOON",32,,,149.898
Flowers,Lauren Spencer Smith,72,,,66.165
İmdat,cakal,97,,,133.967
We Made It,"t-low, Miksu / Macloud",99,,,116.049
2step (feat. Lil Baby),"Ed Sheeran, Lil Baby",131,,,95.055
Scrape It Off (feat. Lil Uzi Vert & Don Toliver),"Pusha T, Lil Uzi Vert, Don Toliver",184,,,106.726
Photograph,Ed Sheeran,41,,,107.989
Hold That Heat (feat. Travis Scott),"Southside, Future, Travis Scott",196,,,130.045
Father Time (feat. Sampha),"Kendrick Lamar, Sampha",14,,,152.869
Count Me Out,Kendrick Lamar,24,,,133.999
Savior,"Kendrick Lamar, Baby Keem, Sam Dew",29,,,124.84
TOUT VA BIEN (feat. Ninho & Naps),"Alonzo, Ninho, Naps",183,,,99.937
Honest (feat. Don Toliver),"Justin Bieber, Don Toliver",29,,,150.002
We Cry Together,"Kendrick Lamar, Taylour Paige",22,,,106.89
Worldwide Steppers,Kendrick Lamar,20,,,77.215
Purple Hearts,"Kendrick Lamar, Summer Walker, Ghostface Killah",27,,,138.202
Rich - Interlude,Kendrick Lamar,41,,,91.589
Mr. Morale,"Kendrick Lamar, Tanna Leone",53,,,174.025
Crown,Kendrick Lamar,54,,,173.329
Auntie Diaries,Kendrick Lamar,61,,,127.544
Savior - Interlude,Kendrick Lamar,73,,,117.125
Mirror,Kendrick Lamar,76,,,91.933
Mother I Sober (feat. Beth Gibbons of Portishead),"Kendrick Lamar, Beth Gibbons",79,,,140.012
Stefania (Kalush Orchestra),KALUSH,109,,,104.985
The Heart Part 5,Kendrick Lamar,44,,,97.405
Churchill Downs (feat. Drake),"Jack Harlow, Drake",57,,,96.448
The Foundations of Decay,My Chemical Romance,140,,,150.15
This Love (Taylor’s Version),Taylor Swift,50,,,144.039
SloMo,Chanel,179,,,104.962
SPACE MAN,Sam Ryder,186,,,79.978
Money Trees,"Kendrick Lamar, Jay Rock",143,,,71.994
Brividi,"Mahmood, BLANCO",9,,,122.962
Cigarettes,Juice WRLD,27,,,160.014
Ginseng Strip 2002,Yung Lean,44,,,114.998
Do We Have A Problem?,"Nicki Minaj, Lil Baby",48,,,119.993
Black Summer,Red Hot Chili Peppers,79,,,105.542
Ovunque Sarai,Irama,112,,,79.133
Alien Blues,Vundabar,118,,,82.282
Don't Play That,"King Von, 21 Savage",144,,,129.988
High,The Chainsmokers,70,,,134.981
Ciao Ciao,La rappresentante di lista,151,,,117.994
Polaroid Love,ENHYPEN,158,,,138.055
Still Don't Know My Name,Labrinth,53,,,89.643
INSUPERABILE,Rkomi,180,,,122.035
farfalle,sangiovanni,181,,,120.016
When I R.I.P.,Labrinth,192,,,87.614
Arson,j-hope,37,,,99.992
MORE,j-hope,22,,,97.031
Layla,"DJ Robin, Schürze",61,,,140.082
"Stay With Me (with Justin Timberlake, Halsey, & Pharrell)","Calvin Harris, Justin Timberlake, Halsey, Pharrell Williams",86,,,125.975
Sticky,Drake,17,,,137.027
2 Be Loved (Am I Ready),Lizzo,167,,,155.932
Baile no Morro,"MC Tairon, Mc Vitin Da Igrejinha, Dj Win",154,,,130.088
Bandido,"Zé Felipe, MC Mari",125,,,120.018
"1, 2, 3 (feat. Jason Derulo & De La Ghetto)","Sofía Reyes, Jason Derulo, De La Ghetto",31,,,94.968
s!r! (feat. Lazza & Sfera Ebbasta),"thasup, Lazza, Sfera Ebbasta",185,,,149.959
La Loto,"TINI, Becky G, Anitta",157,,,90.009
die first,Nessa Barrett,194,,,183.441
Stay Alive (Prod. SUGA of BTS),Jung Kook,10,,,130.096
The Joker And The Queen (feat. Taylor Swift),"Ed Sheeran, Taylor Swift",20,,,133.83
City of Gods,"Fivio Foreign, Kanye West, Alicia Keys",57,,,147.356
The Next Episode,"Dr. Dre, Snoop Dogg",86,,,95.295
Bussin,"Nicki Minaj, Lil Baby",122,,,139.972
HUMBLE.,Kendrick Lamar,1,,,150.011
Forever,Labrinth,185,,,79.983
Worst Day,Future,192,,,88.506
NEW MAGIC WAND,"Tyler, The Creator",54,,,139.566
Si Estuviésemos Juntos,Bad Bunny,197,,,171.854
Boys Don't Cry,Anitta,107,,,164.163
vice city,XXXTENTACION,181,,,87.023
The Rumbling (TV Size),SiM,192,,,144.975
Wildest Dreams (Taylor's Version),Taylor Swift,29,,,140.061
Thought You Should Know,Morgan Wallen,123,,,139.993
I'M ON ONE (feat. Drake),"Future, Drake",48,,,76.977
D.M.B.,A$AP Rocky,159,,,140.014
I'd Do Anything To Make You Smile,Jack Harlow,187,,,150.044
712PM,Future,61,,,146.971
KEEP IT BURNIN (feat. Kanye West),"Future, Kanye West",85,,,87.395
I'M DAT N****,Future,86,,,144.026
LOVE YOU BETTER,Future,131,,,75.494
FOR A NUT (feat. Gunna & Young Thug),"Future, Gunna, Young Thug",139,,,82.037
MASSAGING ME,Future,180,,,145.007
GOLD STACKS,Future,190,,,181.856
Are You Entertained (feat. Ed Sheeran),"Russ, Ed Sheeran",60,,,130.063
Love Lost,"Mac Miller, The Temper Trap",175,,,109.835
Te Amo Demais,Marília Mendonça,177,,,114.023
Hot Shit (feat. Ye & Lil Durk),"Cardi B, Kanye West, Lil Durk",54,,,157.003
LOOSE CHANGE,Brent Faiyaz,178,,,84.975
ALL MINE,Brent Faiyaz,188,,,141.967
Paris to Tokyo,"Fivio Foreign, The Kid LAROI",198,,,146.733
Hot In It,"Tiësto, Charli XCX",150,,,123.045
Sharks,Imagine Dragons,111,,,123.969
Wrapped Around Your Finger,Post Malone,69,,,119.966
Lemon Tree,Post Malone,71,,,116.106
Reputation,Post Malone,74,,,180.119
Wasting Angels (with The Kid LAROI),"Post Malone, The Kid LAROI",75,,,84.967
I Cannot Be (A Sadder Song) (with Gunna),"Post Malone, Gunna",86,,,79.782
Insane,Post Malone,97,,,82.546
Love/Hate Letter To Alcohol (with Fleet Foxes),"Post Malone, Fleet Foxes",115,,,108.007
Distraction,Polo G,121,,,156.934
When I’m Alone,Post Malone,177,,,140.107
Euthanasia,Post Malone,191,,,141.997
Caile,Luar La L,75,,,121.737
LOKERA,"Rauw Alejandro, Lyanno, Brray",95,,,102.019
Mary On A Cross,Ghost,135,,,130.02
Attention,NewJeans,137,,,104.988
Murder In My Mind,Kordhell,163,,,119.966
Hype Boy,NewJeans,171,,,99.976
JGL,"La Adictiva Banda San José de Mesillas, Luis R Conriquez",173,,,112.852
"Sex, Drugs, Etc.",Beach Weather,175,,,143.969
DON'T YOU WORRY,"Black Eyed Peas, Shakira, David Guetta",189,,,131.967
attention,"Omah Lay, Justin Bieber",104,,,119.989
ay! (feat. Lil Wayne),"Machine Gun Kelly, Lil Wayne",114,,,147.008
"Elliot's Song - From ""Euphoria"" An HBO Original Series","Dominic Fike, Zendaya",130,,,93.358
Sehnsucht,"Miksu / Macloud, t-low",200,,,142.09
Falling Back,Drake,10,,,118.989
Texts Go Green,Drake,25,,,118.997
A Keeper,Drake,28,,,121.909
Calling My Name,Drake,30,,,123.985
Currents,Drake,38,,,122.013
Flight's Booked,Drake,49,,,122.584
Intro,Drake,61,,,125.501
Overdrive,Drake,68,,,109.739
Tie That Binds,Drake,87,,,120.017
Down Hill,Drake,89,,,109.994
Liability,Drake,96,,,105.013
Botadinha Saliente,MC Rogerinho,105,,,119.959
Depende,"Dj Guuga, Wesley Safadão, Zé Felipe",129,,,130.027
Molhando o Volante,Jorge & Mateus,186,,,130.183
Closer,"The Chainsmokers, Halsey",2,,,95.01
Permission to Dance,BTS,5,,,124.925
Dawn FM,The Weeknd,27,,,111.65
I Heard You’re Married (feat. Lil Wayne),"The Weeknd, Lil Wayne",28,,,109.946
Starry Eyes,The Weeknd,35,,,134.23
A Tale By Quincy,The Weeknd,54,,,67.289
Don’t Break My Heart,The Weeknd,55,,,121.959
Every Angel is Terrifying,The Weeknd,62,,,118.167
Phantom Regret by Jim,The Weeknd,92,,,110.113
thought i was playing,"Gunna, 21 Savage",94,,,148.038
Miserable Man,David Kushner,135,,,109.981
25k jacket (feat. Lil Baby),"Gunna, Lil Baby",141,,,115.013
alotta cake,Gunna,146,,,120.078
mop (feat. Young Thug),"Gunna, Young Thug",160,,,144.918
Take My Breath - Single Version,The Weeknd,7,,,120.996
Bar,"TINI, L-Gante",99,,,94.148
Don't Think Jesus,Morgan Wallen,96,,,116.979
Late To Da Party (F*CK BET) (feat. YoungBoy Never Broke Again),"Lil Nas X, YoungBoy Never Broke Again",86,,,149.956
From The D 2 The LBC (with Snoop Dogg),"Eminem, Snoop Dogg",135,,,82.037
Carolina - From The Motion Picture “Where The Crawdads Sing”,Taylor Swift,152,,,115.851
Envolver,Anitta,3,86,,91.993
abcdefu,GAYLE,1,87,,121.932
MIDDLE OF THE NIGHT,Elley Duhé,14,91,,185.727
THATS WHAT I WANT,Lil Nas X,3,88,,87.981
good 4 u,Olivia Rodrigo,1,88,,166.928
Blinding Lights,The Weeknd,1,18,,171.017
Another Love,Tom Odell,31,89,,122.769
Sweater Weather,The Neighbourhood,29,90,,124.053
Dandelions,Ruth B.,35,90,,116.959
Light Switch,Charlie Puth,19,79,,184.009
MONTERO (Call Me By Your Name),Lil Nas X,1,4,,178.818
drivers license,Olivia Rodrigo,1,29,,143.874
Beggin',Måneskin,1,86,,134.002
love nwantiti (ah ah ah),CKay,9,84,,93.005
Don't Start Now,Dua Lipa,2,79,,123.941
Todo De Ti,Rauw Alejandro,2,82,,127.949
MONEY,LISA,5,79,,140.026
Freaks,Surf Curse,55,85,,179.626
Wait a Minute!,WILLOW,138,86,,101.003
Mood (feat. iann dior),"24kGoldn, iann dior",1,18,,90.989
positions,Ariana Grande,1,3,,144.005
Talking to the Moon,Bruno Mars,45,76,,145.867
Ain't Shit,Doja Cat,22,81,,124.097
Running Up That Hill (A Deal With God),Kate Bush,1,95,,108.375
SNAP,Rosa Linn,26,89,,169.985
Betty (Get Money),Yung Gravy,78,87,,102.004
Afraid To Feel,LF SYSTEM,150,86,,127.87
House of Memories,Panic! At The Disco,64,86,,109.952
I AM WOMAN,Emmy Meli,51,76,,170.084
SAD GIRLZ LUV MONEY Remix (feat. Kali Uchis and Moliy),"Amaarae, Kali Uchis, Moliy",23,80,,110.02
The Business,Tiësto,9,83,,120.031
Astronaut In The Ocean,Masked Wolf,3,79,,149.996
RAPSTAR,Polo G,3,49,,81.039
Thousand Miles,The Kid LAROI,18,84,,80.565
Pope Is a Rockstar,SALES,108,74,,90.024
MAMIII,"Becky G, KAROL G",5,87,,93.991
Lost,Frank Ocean,50,0,,123.07
Until I Found You,Stephen Sanchez,30,90,,101.358
Life Goes On,Oliver Tree,15,80,,79.982
Blinding Lights,The Weeknd,1,90,,171.005
Sunroof,Nicky Youre,,44,,131.43
Enemy (with JID) - from the series Arcane League of Legends,Imagine Dragons,,87,,77.011
Pepas,YES YES,,58,,125.973
Without You,John De Sohn,,0,,124.968
Crazy,Alex D'Rosso,,53,,123.056
Counting Stars,Farux,,54,,124.791
Lies,Dame Dame,,37,,122.015
So Pretty,Reyanna Maria,,66,,187.906
What You Know Bout Love,Pop Smoke,,81,,83.995
Falling Down,Andrew Nagy,,38,,123.005
The Boss,Coopex,,47,,125.992
On My Way,Alex Alexander,,40,,96.039
Toosie Slide,Drake,,69,,81.604
Lovely,Alfons,,45,,128.078
The Motto,Tiësto,,87,,117.953
K Boy Bye,Astelle,,39,,159.87
Feel Your Love,Yusuf Alev,,43,,124.981
THE SCOTTS,THE SCOTTS,,76,,129.979
One too Many Times,JRL,,47,,122.023
Tap In,Saweetie,,67,,100.036
Plug Walk,Rich The Kid,,70,,94.981
Cooped Up (with Roddy Ricch),Post Malone,,83,,93.923
Can't Get You Out of My Head,loafers,,52,,129.886
Free Falling Love,Lucas Estrada,,58,,120.012
Ocean Drive,Harddope,,51,,120.009
You Don't Know Me,Dame Dame,,49,,124.953
Whoopty,CJ,,74,,140.201
Paid,Astelle,,39,,117.993
Savage Love (Laxed - Siren Beat),Jawsh 685,,77,,150.076
Therefore I Am,Billie Eilish,,75,,94.009
The Box,Roddy Ricch,,81,,116.971
Intentions (feat. Quavo),Justin Bieber,,77,,147.986
In Your Eyes,The Weeknd,,79,,100.021
death bed (coffee for your head),Powfu,,82,,144.026
INFERNO,Sub Urban,,71,,127.883
Baby Girl,Disco Lines,,76,,120.968
Dinero,Trinidad Cardona,,73,,119.997
Apologize,Farux,,48,,126.109
Thot Shit,Megan Thee Stallion,,72,,130.02
Moves Like Jagger,Timemachine,,46,,127.851
Running Away,VANO 3000,,72,,93.688
Hawái,Maluma,,77,,180.067
Best Friend (feat. Doja Cat),Saweetie,,45,,94.018
34+35,Ariana Grande,,80,,109.978
Backyard Boy,Claire Rosinkranz,,0,,138.026
FLIP THE SWITCH (feat. Drake),Quavo,,67,,86.048
Be Kind (with Halsey),Marshmello,,77,,93.995
Life Is Good (feat. Drake),Future,,77,,142.037
hot girl bummer,blackbear,,5,,129.989
The Less I Know The Better,Tame Impala,,84,,116.879
On My Way!,P.S.,,54,,119.021
Jiggle Jiggle,Duke & Jones,,81,,99.992
Looking for Love,Asketa & Natan Chaim,,0,,120.004
Beauty And A Beat,Glamii,,36,,128.054
Calling My Phone,Lil Tjay,,15,,104.949
Just The Two of Us,Kauai45,,67,,81.672
Party Girl,StaySolidRocky,,71,,130.022
Right Here Waiting,Boostereo,,0,,115.052
What's up?,LeXxìv,,43,,120.06
Supalonely,BENEE,,72,,128.977
"Hey, Soul Sister",LANDR,,41,,105.101
Say So,Doja Cat,,80,,110.962
Shooting Stars,Bag Raiders,,0,,124.968
INDUSTRY BABY (feat. Jack Harlow),Lil Nas X,,86,,149.995
Oh No,Kreepa,,58,,176.123
Serenity,Shab,,46,,117.979
Build a Bitch,Bella Poarch,,76,,102.931
edamame (feat. Rich Brian),bbno$,,77,,106.032
Leave The Door Open,Bruno Mars,,31,,148.088
The Hills,Farux,,48,,125.916
Whatever You Like,DLAY,,49,,123.976
Electric Love,BØRNS,,82,,120.041
"More Than A Woman - From ""Saturday Night Fever"" Soundtrack",Bee Gees,,76,,106.164
Cupid's Chokehold / Breakfast in America,Gym Class Heroes,,77,,78.953
Lost on You,sad girls,,53,,121.796
Banana (feat. Shaggy) - DJ FLe - Minisiren Remix,Conkarah,,65,,95.114
Love Me Again,CPX,,46,,125.0
Don't Rush (feat. Headie One),Young T & Bugsey,,63,,108.028
Red Flag,Pia Baris,,31,,126.069
Boss Bitch,Doja Cat,,78,,125.989
Rockstar,Ilkay Sencan,,69,,100.012
Falling for U,Peachy!,,1,,79.509
Meet Me At Our Spot,THE ANXIETY,,81,,94.995
Leap of Faith,Alex Alexander,,51,,169.893
Paint It Black,Dame Dame,,56,,125.985
Young Folks,Jungle Jonsson,,48,,134.977
Jalebi Baby (Tesher x Jason Derulo),Tesher,,73,,93.059
What If,HOURS,,0,,126.001
Wicked Game,YES YES,,55,,125.005
Play With Me,Ana Shine,,48,,95.065
"Gravity (feat. Tyler, The Creator)",Brent Faiyaz,,72,,163.924
HOLIDAY,Lil Nas X,,73,,151.947
Play Date,Melanie Martinez,,78,,123.97
Cool for the Summer,Alex D'Rosso,,49,,136.01
Forever,Gianni Blu,,54,,124.998
Later Bitches,The Prince Karma,,49,,121.116
OUT WEST (feat. Young Thug),JACKBOYS,,77,,139.864
ROXANNE,Arizona Zervas,,78,,116.735
The Git Up,Blanco Brown,,3,,97.984
Girls Like You (feat. Cardi B) - Cardi B Version,Maroon 5,,74,,124.959
"1, 2, 3 (feat. Jason Derulo & De La Ghetto)",Sofía Reyes,,82,,94.968
credit union,Kinrose,,32,,148.95
We Know,JAM & Philly,,39,,112.114
Levitating (feat. DaBaby),Dua Lipa,,85,,102.977
Lemonade,Internet Money,,76,,140.04
Good Days,SZA,,81,,121.002
Put Your Records On,Ritt Momney,,1,,91.066
TKN (feat. Travis Scott),ROSALÍA,,72,,94.634
Say It Right,Coopex,,60,,125.976
Renee,SALES,,65,,108.957
Baby I'm Yours,Breakbot,,69,,118.05
STAY (with Justin Bieber),The Kid LAROI,,89,,169.928
Being Good Is Boring,Jena Rose,,55,,111.986
That Bxtch,Taylor Watson,,47,,163.87
Ocean Eyes,Farux,,42,,125.989
Warning / Signs,Matvey Emerson,,46,,121.976
Cold Heart - PNAU Remix,Elton John,,73,,116.032
Pieces,Nippandab,,42,,122.076
She Wolf (Falling to Pieces),YES YES,,0,,125.03
Say My Name,Why Not,,54,,125.981
Creep,Naeleck,,65,,124.013
When You Were Young,Amero,,31,,125.998
Ready 4 Luv - TMLH Summer Mix,CAZZETTE,,55,,125.09
Slow Down,Coopex,,0,,128.048
Aesthetic,Xilo,,2,,169.837
ROCKSTAR (feat. Roddy Ricch),DaBaby,,80,,89.977
Rover (feat. DTG),S1mba,,78,,62.948
Without You,Baby Bluu,,49,,120.119
Freak,Doja Cat,,72,,116.912
Only Girl,Coopex,,52,,127.983
Savage,Megan Thee Stallion,,70,,168.983
Break My Heart,Dua Lipa,,78,,113.011
DÁKITI,Dame Dame,,47,,121.975
Falling,Trevor Daniel,,15,,127.085
Left and Right (Charlie Puth) [feat. Jung Kook of BTS] - Sped Up Version,sped up nightcore,,58,,114.269
Long Road,HotBlock Jmoe,,52,,162.039
Peaches (feat. Daniel Caesar & Giveon),Justin Bieber,,86,,90.03
motive (with Doja Cat),Ariana Grande,,57,,116.965
When the Sun Goes Down,Martin van Lectro,,37,,123.752
The Plan,Arman Aydin,,58,,124.034
Frozen,Madonna,,76,,110.005
Running To You (feat. Caden),VINAI,,65,,124.09
Say It Right,MØRFI,,50,,124.084
Bundles (feat. Taylor Girlz),Kayla Nicole,,67,,130.022
As It Was,Michael Shynes,,46,,104.98
When Hello Means Goodbye,Alex Alexander,,44,,166.016
Forever,Nadia Gattas,,51,,124.038
WAP (feat. Megan Thee Stallion),Cardi B,,80,,133.073
Wild & Free,Nander,,39,,155.941
For The Night (feat. Lil Baby & DaBaby),Pop Smoke,,80,,125.971
Kiss Me,Lucas Estrada,,47,,107.938
Let Her Go,LANDR,,44,,120.018
When You're Gone,Paradigm,,53,,124.036
Would I Lie to You,MISERO,,51,,120.067
Kiss Me More (feat. SZA),Doja Cat,,82,,110.968
Buss It,Erica Banks,,0,,109.997
Pumped Up Kicks,Madism,,75,,123.903
Beautiful Mistakes (feat. Megan Thee Stallion),Maroon 5,,82,,99.048
Astronomia,Vicetone,,60,,126.093
That Way,Lil Uzi Vert,,62,,129.962
AMG,Jt5k,,0,,87.849
TO THE MOON,Jnr Choi,,79,,144.047
Moi... Lolita,Monaldin,,49,,109.92
Write This Down (Instrumental),SoulChef,,1,,93.005
Work from Home,Coopex,,54,,125.014
telepatía,Kali Uchis,,82,,83.97
Glad You Came,Braaheim,,48,,125.997
Over You,Myrrhe,,37,,98.948
Let It Go,Dame Dame,,38,,122.039
Without Me,Halsey,,77,,136.041
Jimmy Cooks (feat. 21 Savage),Drake,,92,,165.921
Fever - Remix,XY&O,,0,,120.018
Riptide,Viva La Panda,,51,,101.996
Down Under (feat. Colin Hay),Luude,,72,,171.966
I Wanna Know,Alex Alexander,,52,,112.043
Memories,Coopex,,64,,123.979
Why,Padé,,38,,186.049
Wellerman - Sea Shanty / 220 KID x Billen Ted Remix,Nathan Evans,,77,,119.932
You Right,Doja Cat,,84,,128.986
Up,Cardi B,,70,,166.0
Rude Boy,YES YES,,50,,101.995
Fly,Alex D'Rosso,,53,,140.142
Mood Swings (feat. Lil Tjay),Pop Smoke,,78,,179.798
Boys Ain't Shit,SAYGRACE,,64,,102.999
Old Times,Xtinctor,,38,,92.992
Demons,CPX,,56,,124.056
California Dreaming,Jorm,,53,,124.048
Good Looking,Suki Waterhouse,,80,,149.971
Flex On My Ex (with Bankrol Hayden),KillBunk,,57,,85.285
Chaa Chaa Chaa (feat. HoodCelebrityy),Girll Codee,,45,,139.925
Tainted Love,Thatsimo,,47,,126.024
Vacation,Dirty Heads,,67,,150.064
Complicated,Nito-Onna,,52,,134.088
Heart of Glass,Nito-Onna,,54,,123.89
Mr. Saxobeat,Nito-Onna,,43,,123.901
dirty laundry,blackbear,,65,,100.044
Rather Be,Cabuizee,,46,,120.978
Sunday Best,Surfaces,,77,,112.022
Skechers,DripReport,,0,,99.998
Payphone,Faruk Orman,,45,,125.07
Dreamer,Astelle,,42,,150.056
Bam Bam,"Camila Cabello, Ed Sheetan",,83,,94.996
Good Morning,P.S.,,50,,171.907
Ameno Amapiano Remix (You Wanna Bamba),Goya Menor,,68,,112.998
Better Days (NEIKED x Mae Muller x Polo G),NEIKED,,83,,110.054
Follow Me,Senhit,,60,,122.014
Friday (feat. Mufasa & Hypeman) - Dopamine Re-Edit,Riton,,83,,122.98
WITHOUT YOU,The Kid LAROI,,80,,93.005
Blueberry Faygo,Lil Mosey,,75,,99.034
WHATS POPPIN,Jack Harlow,,4,,145.062
BOP,DaBaby,,76,,126.77
I Don't Care (with Justin Bieber),Ed Sheeran,,78,,101.956
Shivers,Ed Sheeran,4,,5,141.02
Ghost,Justin Bieber,11,,8,153.96
Bam Bam,"Camila Cabello, Ed Sheeran",13,,66,94.996
Boyfriend,Dove Cameron,11,,51,179.773
Numb Little Bug,Em Beihold,69,,32,84.974
Oh My God,Adele,3,,72,88.098
Super Gremlin,Kodak Black,45,,9,72.993
Get Into It (Yuh),Doja Cat,36,,68,91.942
Tití Me Preguntó,Bad Bunny,4,,22,106.672
Efecto,Bad Bunny,7,,69,98.047
Moscow Mule,Bad Bunny,2,,44,99.968
I Ain't Worried,OneRepublic,13,,37,139.994
BREAK MY SOUL,Beyoncé,12,,38,114.942
Después de la Playa,Bad Bunny,7,,78,78.293
You Proof,Morgan Wallen,91,,27,119.706
Super Freaky Girl,Nicki Minaj,16,,56,133.01
The Kind of Love We Make,Luke Combs,194,,36,102.025
Heat Waves,Glass Animals,1,89,1,80.87
Bad Habits,Ed Sheeran,3,22,13,126.026
Need to Know,Doja Cat,6,85,18,130.041
Glimpse of Us,Joji,1,97,52,169.914
About Damn Time,Lizzo,9,92,12,108.966
Late Night Talking,Harry Styles,2,93,25,114.996
First Class,Jack Harlow,2,89,6,106.998
I Hate U,SZA,19,79,50,106.703
As It Was,Harry Styles,1,96,2,173.93
Levitating,Dua Lipa,52,,42,103.014
Surface Pressure,Jessica Darrow,26,,53,180.088
Woman,Doja Cat,6,89,21,107.998
Bad Habit,Steve Lacy,10,86,28,168.946
Stay,The Kid Laroi and Justin Bieber,,,3,
Me Porto Bonito,Bad Bunny and Chencho Corleone,,,20,
Jimmy Cooks,Drake featuring 21 Savage,,,33,
Save Your Tears,The Weeknd and Ariana Grande,,,40,
Smokin out the Window,Silk Sonic (Bruno Mars and Anderson .Paak),,,41,
All Too Well (Taylor's Version),Taylor Swift,,,76,
Damn Strait,Scotty McCreery,,,93,
Enemy (with JID) - from the series Arcane League of Legends,Imagine Dragons and JID,,,15,
Running Up That Hill (A Deal with God),Kate Bush,,,23,
I Like You (A Happier Song),Post Malone featuring Doja Cat,,,26,
Vegas,Doja Cat,,,47,
Pushin P,Gunna and Future featuring Young Thug,,,48,
Big Energy,Latto,,,7,
Wait for U,Future featuring Drake and Tems,,,11,
Sunroof,Nicky Youre and Dazy,,,29,
One Right Now,Post Malone and the Weeknd,,,30,
Sand in My Boots,Morgan Wallen,,,58,
Jingle Bell Rock,Bobby Helms,,,86,
Trouble with a Heartbreak,Jason Aldean,,,88,
One Mississippi,Kane Brown,,,99,
You Should Probably Leave,Chris Stapleton,,,79,
Kiss Me More,Doja Cat featuring SZA,,,90,
Flower Shops,Ernest featuring Morgan Wallen,,,96,
'Til You Can't,Cody Johnson,,,34,
Something in the Orange,Zach Bryan,,,39,
Mamiii,"Becky G, KAROL G",,,59,
Provenza,Karol G,,,63,
5 Foot 9,Tyler Hubbard,,,67,
Doin' This,Luke Combs,,,71,
To the Moon,Jnr Choi and Sam Tompkins,,,97,
Knife Talk,Drake featuring 21 Savage and Project Pat,,,60,
What Happened to Virgil,Lil Durk featuring Gunna,,,83,
Easy on Me,Adele,,,4,
You Right,Doja Cat and the Weeknd,,,45,
Fall in Love,Bailey Zimmerman,,,54,
Rock and a Hard Place,Bailey Zimmerman,,,70,
Cold Heart (Pnau Remix),Elton John and Dua Lipa,,,10,
Puffin on Zootiez,Future,,,84,
Wasted on You,Morgan Wallen,,,19,
Sweetest Pie,Megan Thee Stallion and Dua Lipa,,,62,
Circles Around This Town,Maren Morris,,,100,
Love Nwantiti (Ah Ah Ah),CKay,,,55,
Meet Me at Our Spot,The Anxiety: Willow and Tyler Cole,,,74,
Thats What I Want,Lil Nas X,,,14,
Industry Baby,Lil Nas X and Jack Harlow,,,16,
In a Minute,Lil Baby,,,43,
Buy Dirt,Jordan Davis and Luke Bryan,,,49,
Fingers Crossed,Lauren Spencer-Smith,,,75,
Essence,Wizkid featuring Justin Bieber and Tems,,,64,
She's All I Wanna Be,Tate McRae,,,94,
We Don't Talk About Bruno,"Carolina Gaitán, Mauro Castillo, Adassa, Rhenzy Feliz, Diane Guerrero, Stephanie 
Beatriz and the *Encanto* cast",,,24,
Hrs and Hrs,Muni Long,,,57,
Better Days,"Neiked, Mae Muller and Polo G",,,73,
Party,Bad Bunny and Rauw Alejandro,,,77,
Broadway Girls,Lil Durk featuring Morgan Wallen,,,81,
A Holly Jolly Christmas,Burl Ives,,,89,
Never Say Never,Cole Swindell and Lainey Wilson,,,92,
Last Night Lonely,Jon Pardi,,,95,
She Had Me at Heads Carolina,Cole Swindell,,,46,
Ojitos Lindos,Bad Bunny and Bomba Estéreo,,,87,
Unholy,Sam Smith and Kim Petras,,,98,
Fancy Like,Walker Hayes,,,35,
AA,Walker Hayes,,,61,
All I Want for Christmas Is You,Mariah Carey,,,65,
Rockin' Around the Christmas Tree,Brenda Lee,,,80,
Like I Love Country Music,Kane Brown,,,85,
She Likes It,Russell Dickerson featuring Jake Scott,,,91,
ABCDEFU,Gayle,,,17,
Good 4 U,Olivia Rodrigo,,,31,
Take My Name,Parmalee,,,82,
